id,date,highest,lowest,rain,ice1,ice2,ice3,oden1,oden2,oden3,oden4,hot1,hot2,hot3,dessert1,dessert2,dessert3,dessert4,dessert5,drink1,drink2,drink3,drink4,drink5,drink6,alcol1,alcol2,alcol3,snack1,snack2,snack3,bento1,bento2,bento3,bento4,tild1,tild2,men1,men2,men3,men4,men5,men6
1,4/11,21.9,12.4,0.0,25,72,26,10,23,52,35,180,254,270,42,58,50,59,67,54,45,28,49,22,8,63,51,59,26,21,35,56,46,70,27,12,12,57,30,41,38,37,35
2,4/12,25.9,13.9,0.0,30,85,33,9,18,42,26,202,219,235,22,36,5,28,37,69,54,35,58,22,9,77,66,72,36,32,63,8,14,23,9,5,8,19,9,13,26,4,16
3,4/13,20.9,11.9,0.0,21,68,28,12,22,57,31,164,210,223,20,41,5,30,32,46,38,24,45,26,9,81,69,74,36,25,57,9,12,19,6,4,9,23,9,11,33,4,13
4,4/14,18.8,11.4,0.0,19,62,35,13,29,62,33,193,242,251,21,43,5,28,32,35,31,22,37,23,8,88,92,81,20,10,45,54,43,74,28,15,17,55,35,46,46,51,46
5,4/15,22.1,13.5,19.0,21,72,32,10,24,44,33,218,271,274,44,63,47,59,63,51,39,20,52,28,14,116,135,119,31,21,39,52,36,69,26,4,9,54,33,39,40,41,40
6,4/16,20.0,11.7,0.0,19,64,30,14,24,60,32,190,248,248,36,62,16,39,56,43,36,25,42,24,8,37,21,33,30,37,39,8,8,16,8,15,15,27,16,21,42,11,38
7,4/17,15.0,11.0,2.5,17,50,27,13,26,58,40,197,251,248,33,54,12,37,41,16,18,12,27,23,11,47,39,44,26,10,42,49,42,72,24,5,7,47,32,37,43,41,35
8,4/18,16.0,10.4,28.0,21,53,27,16,25,62,46,184,226,259,50,75,56,63,71,16,19,9,31,26,15,67,77,66,26,20,47,43,40,67,32,15,12,52,34,39,46,39,36
9,4/19,22.2,10.2,0.0,25,73,33,15,32,69,41,149,237,240,31,48,8,29,37,50,42,30,46,24,7,64,60,66,35,36,56,11,13,21,9,5,8,18,8,14,28,3,15
10,4/20,26.4,12.3,0.0,30,87,35,14,22,55,32,186,241,217,24,45,6,26,36,68,55,38,55,24,8,78,69,80,38,25,42,15,12,17,9,5,6,21,8,15,25,4,17
11,4/21,26.0,12.8,0.0,32,85,37,13,26,52,28,186,261,258,26,42,6,27,36,78,50,39,61,24,7,88,84,89,17,11,35,53,51,66,28,5,10,61,29,39,40,35,31
12,4/22,28.3,13.9,0.0,42,94,39,9,24,41,26,204,275,258,43,59,51,53,62,88,60,42,63,22,8,98,97,99,29,20,44,47,47,70,26,5,8,53,38,36,40,43,36
13,4/23,18.7,15.1,0.0,20,60,28,9,17,38,24,196,234,252,23,46,6,29,36,36,34,21,40,24,9,42,22,33,26,23,44,8,14,20,8,14,14,28,13,21,45,11,35
14,4/24,21.3,15.4,1.5,24,69,33,10,17,31,20,221,279,293,23,37,6,26,35,47,37,25,47,25,9,47,35,46,25,11,37,50,43,80,28,5,9,41,32,38,35,38,35
15,4/25,22.5,16.6,57.0,25,73,34,7,15,31,18,211,263,281,43,64,51,52,68,44,36,23,47,30,15,73,104,73,29,17,38,57,44,57,29,12,10,56,31,42,33,44,32
16,4/26,25.0,14.8,0.0,29,82,33,20,17,43,27,183,247,274,37,62,17,37,54,73,53,37,55,24,8,69,63,62,32,31,57,12,12,21,8,6,8,16,9,11,28,5,18
17,4/27,22.0,15.1,0.0,24,72,30,10,18,37,21,211,241,268,32,57,13,36,44,51,40,28,44,25,7,74,80,80,34,25,47,9,13,19,9,5,9,19,9,13,28,4,14
18,4/28,26.1,15.2,0.0,30,85,37,10,19,32,21,233,257,274,31,54,10,33,41,70,51,40,57,24,8,88,83,84,24,10,40,53,45,73,29,5,7,50,33,36,45,34,36
19,4/29,25.6,14.0,0.0,28,84,32,9,21,44,30,212,275,294,48,65,47,55,65,69,50,32,59,26,8,100,109,95,31,22,46,54,43,68,27,6,7,41,28,38,45,42,32
20,4/30,25.7,16.7,0.0,31,84,35,7,14,29,16,203,254,258,25,49,6,27,39,72,55,32,53,24,7,36,18,37,31,23,41,11,10,22,8,4,8,22,10,14,31,4,17
21,5/1,28.1,16.7,0.0,41,93,40,7,14,26,15,223,256,280,25,41,6,30,37,80,60,44,65,25,8,46,37,44,24,8,38,47,37,75,38,12,14,48,31,48,61,44,60
22,5/2,25.3,17.1,3.5,28,82,30,8,16,22,15,190,275,265,44,61,44,60,68,71,47,33,56,25,11,59,57,54,22,20,48,53,45,64,28,12,9,44,30,32,45,35,34
23,5/3,27.4,16.8,14.0,36,90,35,8,16,30,17,198,222,250,22,39,5,28,38,80,57,36,62,27,13,82,84,76,37,31,62,10,11,19,10,6,8,21,10,11,30,4,16
24,5/4,23.8,13.2,0.0,24,77,30,10,24,46,30,169,224,233,22,42,5,29,33,68,47,29,53,26,8,78,78,73,31,26,42,9,13,20,9,5,8,23,10,13,33,4,17
25,5/5,24.3,11.5,0.0,26,80,37,15,26,60,40,203,266,270,24,38,6,29,33,64,48,30,52,23,8,98,86,88,22,11,32,44,42,69,30,5,7,50,31,44,47,42,42
26,5/6,26.5,14.4,0.0,34,87,40,11,20,35,27,196,246,273,45,55,47,61,59,69,58,35,63,23,9,97,107,106,23,19,35,49,49,73,30,14,16,66,35,45,50,42,52
27,5/7,21.6,13.9,21.0,23,71,27,11,20,44,25,210,248,243,22,37,5,30,38,42,34,21,48,29,14,50,53,45,34,26,46,9,12,19,10,6,10,19,10,13,28,4,15
28,5/8,14.6,11.4,10.5,19,49,29,15,27,57,41,194,252,278,22,37,5,27,38,11,18,10,29,24,14,56,50,48,22,11,42,53,51,69,15,6,9,56,31,32,41,39,52
29,5/9,14.3,10.3,35.0,19,48,32,13,28,63,39,184,256,260,41,63,43,55,67,9,16,7,30,30,16,75,80,75,28,22,49,54,42,65,26,10,10,44,22,34,37,42,35
30,5/10,15.8,10.0,9.0,18,52,30,16,27,57,38,161,205,212,19,38,5,28,38,15,19,11,34,25,12,76,77,75,34,34,62,12,14,22,7,4,8,20,10,11,24,4,16
31,5/11,22.4,9.0,0.0,22,73,32,22,41,72,57,148,223,205,22,38,5,31,37,56,46,64,53,24,8,88,71,74,32,23,46,10,14,15,9,4,8,18,9,13,30,4,15
32,5/12,24.6,12.9,0.0,27,80,38,13,26,45,36,220,265,278,19,39,5,29,35,71,47,32,56,22,7,99,97,84,22,11,39,54,45,71,29,16,16,48,33,42,55,45,52
33,5/13,21.4,14.6,49.0,24,70,28,10,17,33,28,219,270,249,40,62,44,50,67,44,31,21,42,29,15,124,158,125,24,19,43,50,45,69,26,5,7,50,30,32,33,42,37
34,5/14,28.6,15.2,0.0,44,94,44,10,39,39,22,213,222,258,20,41,5,30,38,93,58,44,68,25,7,42,18,37,27,25,53,12,9,19,6,5,9,25,8,11,32,4,16
35,5/15,28.4,14.8,0.0,41,94,44,9,21,33,26,238,269,283,18,44,5,26,33,80,58,41,65,23,8,50,36,48,19,12,30,52,44,68,27,6,7,50,32,36,43,47,35
36,5/16,29.0,18.8,0.0,43,96,38,6,12,17,8,174,229,234,57,76,53,74,91,96,61,39,69,25,8,56,49,59,30,23,47,53,38,70,27,13,6,55,33,40,40,39,34
37,5/17,28.4,21.4,0.0,39,94,44,4,9,11,2,138,232,223,30,53,13,38,43,84,58,42,68,23,8,73,61,63,37,34,57,9,15,21,8,5,7,21,9,8,26,5,16
38,5/18,27.1,20.0,0.0,33,88,41,5,8,12,2,160,219,234,28,55,10,33,35,79,71,36,60,24,8,85,79,84,30,28,43,12,14,22,9,6,7,23,12,12,32,4,15
39,5/19,26.3,15.3,0.0,31,86,37,10,21,34,21,227,250,271,31,44,8,27,38,75,52,34,60,23,8,89,87,83,23,13,41,48,46,65,30,4,9,55,22,38,41,49,29
40,5/20,22.1,13.1,0.0,24,71,28,12,20,49,35,186,254,279,45,67,46,54,64,51,46,29,47,22,7,101,100,102,26,19,45,48,43,69,27,5,9,47,27,34,35,44,36
41,5/21,27.2,13.7,0.0,35,90,41,12,23,97,29,199,220,247,25,40,6,29,39,80,57,39,65,23,8,36,21,37,30,23,51,11,12,19,9,5,9,20,10,11,32,5,17
42,5/22,27.3,15.0,0.0,34,90,37,10,20,32,25,239,287,254,23,39,5,28,36,82,54,36,55,26,8,47,36,46,18,11,35,51,45,75,28,16,14,52,34,51,56,44,58
43,5/23,22.0,17.0,9.0,24,71,29,7,17,26,15,207,274,259,45,65,50,59,64,44,39,23,48,24,14,67,61,64,30,19,38,51,45,58,23,16,11,51,30,37,44,42,35
44,5/24,25.7,16.1,6.0,28,85,31,8,17,67,17,210,241,266,24,40,5,28,38,71,49,32,56,25,11,75,67,66,40,37,53,12,14,18,8,5,8,21,15,15,32,3,17
45,5/25,27.1,18.7,0.0,34,89,41,6,10,15,8,166,243,238,23,38,5,27,36,82,61,39,64,23,7,80,71,73,28,25,55,9,13,20,9,6,9,20,11,14,36,4,13
46,5/26,25.2,18.0,0.0,27,82,36,6,14,22,9,208,266,249,39,67,15,37,62,73,55,36,51,25,8,97,99,95,18,9,34,49,48,79,29,6,8,43,26,33,38,35,34
47,5/27,26.9,16.2,0.0,32,88,36,9,14,29,16,222,256,253,50,81,51,64,80,74,59,38,65,23,9,91,104,110,23,21,44,45,36,70,30,4,8,54,29,40,38,41,37
48,5/28,26.0,18.8,0.0,29,85,33,5,11,18,7,180,221,225,32,48,9,31,37,76,52,34,57,25,8,43,18,34,29,23,42,12,14,20,7,6,8,24,10,12,35,4,15
49,5/29,27.6,19.3,0.0,36,92,41,5,11,16,6,185,231,263,26,43,8,31,39,79,65,43,67,23,8,53,33,44,20,12,26,55,47,70,27,14,13,67,42,37,53,44,51
50,5/30,25.0,17.4,8.5,28,81,29,7,14,26,12,212,258,282,46,69,53,57,60,62,51,31,60,24,12,61,67,60,22,21,42,46,45,70,31,13,11,53,29,43,39,36,31
51,5/31,22.0,16.5,0.0,24,71,31,8,17,27,15,195,251,245,25,42,6,28,36,54,42,26,46,23,8,67,56,75,36,34,62,12,14,21,10,5,9,23,11,13,30,5,17
52,6/1,27.5,17.3,0.0,37,91,34,7,14,23,15,167,240,219,27,41,6,29,35,79,58,42,66,25,8,85,81,73,30,25,54,10,12,17,8,5,7,20,10,11,26,4,15
53,6/2,27.2,16.9,0.0,33,90,33,8,13,25,15,191,256,250,22,42,5,29,33,72,58,36,56,23,8,93,88,91,19,13,33,50,42,73,30,4,9,52,31,36,47,42,35
54,6/3,28.6,17.3,0.0,42,94,37,7,14,24,13,198,248,246,43,65,44,62,60,78,60,40,62,25,8,94,95,102,20,18,51,45,35,68,26,5,9,55,26,38,35,41,33
55,6/4,29.1,18.5,0.0,45,97,44,6,11,20,7,176,210,231,21,37,5,28,34,92,65,38,61,24,7,43,22,32,29,23,51,9,13,15,8,4,9,21,10,15,27,3,13
56,6/5,28.3,18.2,0.0,39,94,39,6,13,23,10,202,243,240,23,39,6,29,38,87,68,38,62,23,8,53,32,47,23,12,48,48,36,78,30,13,13,57,34,49,34,50,58
57,6/6,22.8,18.3,12.5,22,74,34,6,12,20,9,195,255,254,42,56,43,56,63,53,40,26,45,25,14,67,70,62,25,20,36,54,43,67,32,13,12,58,27,42,43,43,34
58,6/7,27.3,18.2,1.5,34,89,36,6,11,23,10,170,247,242,20,41,5,27,37,80,57,38,62,27,9,73,65,69,35,33,58,9,15,20,8,5,8,17,10,12,24,4,17
59,6/8,27.5,19.3,1.0,34,91,37,5,11,14,5,159,213,208,19,42,5,28,35,77,79,74,56,27,9,75,77,79,29,24,40,8,15,21,7,5,7,21,12,11,34,4,16
60,6/9,32.0,21.2,0.0,83,109,57,5,8,24,2,164,216,230,22,40,5,27,35,95,80,45,74,23,9,89,84,87,28,13,41,55,41,71,27,15,16,57,36,44,56,57,58
61,6/10,22.0,18.6,31.0,24,71,27,5,10,19,9,189,263,259,42,65,43,51,64,47,38,22,50,29,14,117,147,181,24,20,37,50,42,71,27,5,6,51,31,37,37,42,33
62,6/11,19.9,18.1,50.0,21,64,26,7,13,19,11,168,242,235,23,38,5,26,33,30,31,16,41,28,16,51,60,48,42,27,49,10,13,17,8,6,7,23,10,11,29,5,14
63,6/12,26.4,17.8,0.0,33,86,39,7,15,24,12,183,251,270,21,39,5,27,38,81,51,34,63,25,9,54,34,45,22,10,28,43,48,72,27,5,9,41,45,39,35,46,35
64,6/13,27.0,18.3,0.0,35,89,39,7,10,18,9,199,234,279,39,62,51,55,63,73,57,39,62,22,8,59,51,56,29,19,45,79,35,70,29,11,10,54,32,40,45,37,39
65,6/14,25.2,18.6,0.0,30,83,31,6,12,16,8,170,224,240,20,39,5,27,36,74,49,38,53,26,8,70,63,69,35,37,53,9,14,17,9,16,14,28,15,18,49,9,29
66,6/15,20.0,15.4,9.5,23,65,27,10,17,39,19,209,243,247,19,41,5,27,34,39,34,18,40,28,13,91,88,77,31,26,51,10,10,25,9,5,7,21,9,13,30,4,17
67,6/16,18.4,14.2,3.0,20,60,34,12,20,43,26,210,258,292,36,63,15,44,56,33,29,18,38,27,10,84,96,98,19,11,32,51,49,68,30,5,8,58,37,41,38,42,34
68,6/17,22.5,15.1,0.0,25,73,34,11,19,34,20,237,242,258,56,80,54,59,72,52,48,27,45,22,8,105,99,110,29,19,41,52,46,68,30,15,14,57,29,50,46,37,51
69,6/18,21.2,17.7,2.0,22,68,30,7,14,25,12,172,243,239,33,48,10,32,37,50,41,26,47,27,10,41,23,38,32,24,47,11,14,22,8,6,7,20,10,14,38,4,15
70,6/19,28.8,18.2,0.0,45,96,43,6,14,22,9,196,267,276,27,43,7,30,38,83,63,40,63,24,8,48,36,47,26,9,34,44,42,69,29,14,14,59,35,52,54,53,55
71,6/20,21.7,19.4,24.5,21,71,36,10,8,12,5,183,233,245,48,64,45,62,59,41,36,21,51,29,16,64,77,63,28,20,44,48,50,71,24,12,11,53,31,43,39,38,34
72,6/21,24.4,19.0,2.0,25,80,30,6,10,15,7,160,225,216,24,41,6,27,37,65,47,29,52,27,10,77,70,68,38,37,48,9,15,22,9,4,9,20,9,13,29,4,17
73,6/22,28.1,19.4,0.0,40,93,36,5,10,12,5,159,242,207,24,41,5,29,38,76,64,72,65,26,8,88,70,75,34,25,42,9,13,21,6,19,13,25,14,22,40,11,36
74,6/23,23.0,17.9,16.0,26,74,36,7,13,19,10,210,253,253,22,39,6,26,34,48,41,27,51,28,15,94,108,99,27,12,43,51,43,71,32,5,9,51,33,34,32,41,36
75,6/24,27.0,18.4,2.5,32,89,34,7,12,19,8,196,231,279,47,64,45,57,67,73,55,33,56,24,11,102,104,93,29,22,42,57,43,65,24,5,8,44,35,40,44,39,42
76,6/25,32.6,19.7,0.0,95,111,62,4,8,13,4,148,217,215,23,41,5,28,38,105,75,45,80,25,8,41,20,37,27,25,41,11,10,19,6,5,8,19,10,13,29,4,19
77,6/26,30.1,22.3,0.0,54,100,44,5,8,11,2,145,244,222,38,59,17,40,64,86,65,44,68,24,8,53,37,46,23,11,40,48,39,78,29,5,7,47,28,38,43,42,33
78,6/27,31.7,24.9,0.0,76,107,55,4,8,11,2,127,203,211,52,77,59,58,76,107,71,44,77,23,7,61,50,56,42,21,48,50,41,83,29,14,12,63,25,40,39,47,41
79,6/28,31.9,25.2,0.0,81,109,51,4,8,12,2,116,188,201,29,54,9,30,39,97,79,47,75,23,9,71,61,70,30,33,69,12,11,21,7,5,7,21,10,11,31,5,14
80,6/29,32.9,25.4,0.0,103,113,57,4,8,10,2,106,211,185,27,47,7,27,35,116,104,49,74,23,9,86,83,82,35,25,44,10,11,20,8,5,7,20,10,14,31,4,17
81,6/30,32.7,25.2,0.0,98,112,62,4,9,11,2,140,202,202,25,47,6,28,34,102,68,51,76,26,8,93,87,88,24,12,32,52,53,66,30,5,9,46,32,44,43,40,42
82,7/1,32.0,25.4,0.0,83,108,53,0,0,0,0,139,218,210,42,64,50,62,61,105,77,50,77,26,7,105,101,108,18,23,42,48,43,61,29,5,7,48,29,37,39,35,40
83,7/2,33.5,24.0,0.0,122,117,70,0,0,0,0,118,206,204,24,39,5,26,39,105,77,55,74,23,8,41,18,35,38,27,45,11,9,22,7,5,8,21,10,13,29,3,18
84,7/3,32.7,25.6,0.0,98,113,57,0,0,0,0,126,208,221,22,43,5,27,35,112,72,46,77,24,8,51,37,44,20,10,39,55,42,64,22,5,8,55,29,44,38,40,33
85,7/4,31.2,25.5,0.0,69,106,45,0,0,0,0,120,219,217,45,59,49,59,71,96,73,45,65,23,8,57,44,62,24,19,45,51,42,73,31,25,18,63,34,54,49,70,53
86,7/5,28.7,24.8,2.0,41,95,38,0,0,0,0,130,186,216,21,38,5,28,38,85,61,36,64,23,10,76,69,75,36,35,58,10,12,20,10,5,8,18,8,14,37,4,15
87,7/6,25.0,19.1,28.5,27,82,35,0,0,0,0,182,209,214,20,44,5,28,32,54,48,29,58,30,15,98,105,96,32,25,45,11,12,21,9,5,8,20,11,14,26,4,17
88,7/7,29.6,19.3,0.0,50,99,42,0,0,0,0,167,238,250,21,38,5,28,34,97,71,46,68,22,7,85,83,86,21,11,44,53,41,67,27,5,8,50,25,38,43,39,38
89,7/8,32.2,24.5,0.0,86,109,53,0,0,0,0,149,239,216,42,58,51,52,68,114,74,45,77,23,8,99,102,102,25,20,47,57,42,72,26,15,14,50,32,47,53,43,60
90,7/9,31.6,24.2,3.5,75,108,52,0,0,0,0,129,207,212,20,38,5,27,38,95,63,42,69,24,12,39,29,36,27,26,42,9,14,17,8,5,8,22,9,12,31,4,17
91,7/10,32.8,25.4,0.0,102,113,63,0,0,0,0,120,199,213,21,37,5,26,36,104,74,48,77,25,8,53,37,50,20,12,41,45,41,72,30,6,8,60,29,42,40,40,36
92,7/11,34.2,25.2,0.0,147,119,75,0,0,0,0,136,207,224,40,63,48,53,71,110,75,56,79,23,8,66,47,51,27,19,53,52,44,67,29,21,18,67,28,51,58,49,51
93,7/12,30.0,23.1,3.5,52,101,44,0,0,0,0,131,190,195,19,36,5,30,37,93,66,38,70,24,12,72,62,76,44,29,49,8,17,28,8,5,8,24,8,12,30,4,18
94,7/13,33.8,25.5,0.0,129,118,66,0,0,0,0,115,214,190,19,38,5,26,35,110,82,54,83,25,8,78,82,81,36,26,53,10,13,15,8,5,8,20,10,13,30,4,12
95,7/14,35.4,26.2,0.0,208,127,93,0,0,0,0,132,199,216,22,39,5,28,38,117,77,58,85,26,8,86,97,86,17,10,39,53,43,69,30,6,9,49,32,42,38,38,39
96,7/15,34.5,26.3,0.0,159,121,79,0,0,0,0,115,227,226,38,65,44,57,64,111,80,52,72,22,8,97,110,98,24,20,51,47,42,65,26,5,7,56,29,43,34,34,33
97,7/16,34.4,26.3,0.0,154,121,80,0,0,0,0,108,184,199,36,64,17,38,55,126,78,51,82,25,8,37,19,34,36,22,50,8,14,21,9,5,8,20,12,15,33,3,18
98,7/17,34.8,26.9,0.0,171,123,80,0,0,0,0,114,227,202,32,53,11,37,45,127,88,50,76,24,8,47,32,49,23,10,40,57,42,67,30,5,8,52,33,27,40,43,39
99,7/18,35.3,26.7,0.0,198,126,87,0,0,0,0,119,202,221,53,74,47,54,74,110,76,58,78,26,8,58,51,53,24,16,49,49,45,65,31,11,11,50,30,38,42,42,37
100,7/19,34.8,26.6,0.0,172,123,82,0,0,0,0,100,204,186,29,47,8,28,38,116,84,58,78,26,8,69,60,65,29,34,53,10,13,18,7,5,9,19,10,13,31,4,18
101,7/20,34.2,27.0,0.0,145,120,73,0,0,0,0,101,205,206,24,43,6,30,32,107,78,54,73,22,7,73,80,81,23,25,45,12,14,19,7,5,8,18,9,12,31,4,17
102,7/21,34.9,26.9,0.0,179,124,82,0,0,0,0,110,228,201,24,43,6,30,39,126,83,52,85,25,7,94,85,93,22,11,38,49,40,65,30,4,9,51,26,36,38,47,35
103,7/22,35.6,26.6,0.0,217,129,90,0,0,0,0,122,228,196,41,60,44,57,66,122,80,53,84,26,8,92,103,99,24,19,35,52,47,68,33,5,8,46,31,33,32,36,39
104,7/23,39.0,28.5,0.0,628,153,181,0,0,0,0,89,184,182,25,39,6,28,37,131,96,66,85,26,9,38,18,34,35,26,38,10,13,22,8,14,15,24,15,24,48,9,35
105,7/24,35.3,26.3,2.5,200,127,89,0,0,0,0,112,197,219,23,43,5,30,35,109,75,49,85,26,11,50,42,48,22,10,38,54,44,64,30,5,9,49,34,36,42,31,39
106,7/25,32.2,25.7,0.0,87,110,53,0,0,0,0,134,220,222,44,58,49,61,60,111,77,50,68,24,8,65,46,52,22,19,41,49,44,71,30,14,11,50,31,34,41,40,40
107,7/26,30.7,24.3,0.0,60,103,52,0,0,0,0,137,186,200,39,57,17,43,56,98,71,47,76,25,8,74,62,68,30,36,62,8,18,20,8,1,8,23,11,14,30,4,16
108,7/27,28.5,23.5,0.0,42,95,41,0,0,0,0,144,224,221,32,50,12,36,43,84,64,40,61,22,8,76,79,80,34,26,50,12,11,27,9,13,13,36,17,20,41,12,36
109,7/28,28.0,20.1,52.0,38,92,39,0,0,0,0,178,239,250,30,52,8,31,39,78,56,29,64,27,16,114,126,95,22,10,33,53,41,77,28,5,8,53,27,38,39,39,37
110,7/29,32.3,25.4,15.0,91,111,52,0,0,0,0,139,228,229,49,67,49,59,70,93,66,42,78,26,13,100,130,102,23,20,45,51,45,71,30,4,9,40,28,45,36,36,38
111,7/30,31.9,25.0,0.0,80,108,52,0,0,0,0,127,183,214,28,44,7,26,39,106,80,50,76,24,8,44,20,34,29,25,45,10,13,18,9,5,8,22,10,13,30,3,15
112,7/31,33.8,24.4,0.0,131,118,69,0,0,0,0,131,234,226,24,44,6,28,33,116,81,49,75,26,8,50,32,44,24,12,35,43,38,59,24,5,8,50,29,30,37,43,37
113,8/1,35.1,24.8,0.0,188,125,83,0,0,0,0,134,219,233,45,67,52,52,64,126,82,54,82,23,7,62,53,58,22,19,45,48,44,74,26,13,14,52,31,30,42,30,38
114,8/2,37.3,26.7,0.0,366,139,131,0,0,0,0,99,194,183,24,42,6,28,35,134,90,59,84,24,8,73,58,63,37,35,44,9,14,19,8,4,8,24,10,14,32,4,15
115,8/3,35.4,27.3,0.0,204,126,93,0,0,0,0,97,194,181,23,40,6,29,38,115,87,57,87,24,7,78,79,86,26,27,44,10,17,20,8,6,8,19,10,12,31,4,12
116,8/4,34.1,26.1,0.0,141,119,70,0,0,0,0,122,234,205,22,42,5,28,34,104,83,56,74,24,8,88,93,97,24,12,31,48,40,75,26,5,8,52,29,38,42,37,36
117,8/5,34.7,27.2,0.0,169,123,81,0,0,0,0,110,200,225,42,60,43,57,71,117,82,57,74,22,8,96,97,98,31,21,42,56,47,65,32,5,8,52,28,37,35,40,39
118,8/6,34.0,25.0,0.0,139,119,75,0,0,0,0,109,219,186,20,42,5,28,35,120,82,52,79,26,8,40,21,36,36,24,44,9,11,22,9,16,14,29,13,22,42,10,34
119,8/7,25.0,20.8,4.5,27,81,37,0,0,0,0,172,253,243,23,41,5,30,33,59,52,29,58,25,13,51,44,49,23,13,39,51,42,77,27,5,7,49,35,38,39,41,35
120,8/8,25.1,21.6,41.0,28,81,32,0,0,0,0,151,222,220,42,61,50,57,71,65,49,27,56,26,16,67,84,70,25,21,41,45,46,65,29,13,12,42,29,40,43,41,35
121,8/9,32.1,23.8,4.0,86,109,54,0,0,0,0,123,187,206,21,38,5,26,37,101,70,47,79,27,10,74,73,64,40,33,46,12,12,23,6,5,7,21,9,11,32,4,17
122,8/10,34.5,27.0,0.0,159,121,79,0,0,0,0,103,192,181,23,39,5,28,34,112,85,48,82,24,8,76,72,80,31,26,47,10,14,23,9,14,14,31,13,23,35,11,32
123,8/11,33.6,26.0,0.5,123,117,66,0,0,0,0,112,223,212,22,37,5,30,33,106,76,49,77,26,10,86,84,92,17,9,45,49,46,62,27,5,7,55,30,39,44,38,45
124,8/12,31.1,25.6,0.0,69,104,53,0,0,0,0,131,211,236,36,62,44,53,69,94,71,43,65,24,9,98,112,92,24,20,43,57,52,66,26,14,15,55,36,53,58,44,54
125,8/13,34.1,24.6,10.5,143,119,69,0,0,0,0,121,218,189,22,38,5,30,35,101,81,45,84,25,13,49,38,44,27,25,47,8,11,20,8,5,8,20,11,12,31,4,14
126,8/14,34.1,23.9,0.0,141,119,77,0,0,0,0,136,241,207,19,44,5,25,36,103,87,49,74,26,8,47,32,48,19,13,48,40,39,62,29,5,9,52,35,32,40,41,41
127,8/15,33.1,27.2,0.0,110,114,62,0,0,0,0,103,204,222,44,63,51,52,61,98,72,48,68,23,9,64,47,56,23,20,40,54,39,63,29,13,11,49,33,37,43,39,41
128,8/16,32.3,25.8,0.0,87,111,59,0,0,0,0,124,182,192,37,65,19,38,57,113,80,46,74,24,8,65,64,62,35,31,57,12,14,17,9,4,7,21,9,14,32,4,15
129,8/17,30.0,21.3,0.0,54,100,41,0,0,0,0,157,204,218,32,52,11,33,47,89,68,42,61,24,8,86,71,78,32,24,47,9,11,21,10,5,8,20,11,10,32,4,15
130,8/18,27.2,18.3,0.0,35,89,38,0,0,0,0,203,242,241,28,50,9,34,37,84,63,36,64,25,8,93,93,81,17,9,36,53,44,71,30,5,8,53,30,39,38,48,33
131,8/19,28.6,19.4,0.0,44,94,38,0,0,0,0,189,264,264,52,62,51,55,71,80,68,38,63,26,9,100,112,92,26,20,45,51,36,75,28,5,8,55,32,37,37,45,32
132,8/20,27.6,20.9,0.0,36,91,41,0,0,0,0,158,197,215,26,42,7,30,36,80,59,41,58,25,8,42,18,32,36,21,39,10,14,20,10,5,7,22,7,11,27,4,17
133,8/21,33.6,23.7,0.0,125,117,66,0,0,0,0,154,208,239,26,43,6,30,34,120,80,55,82,23,8,48,34,50,21,9,31,54,37,66,31,5,9,52,33,38,38,42,37
134,8/22,34.1,26.9,0.0,143,119,71,0,0,0,0,121,197,206,43,61,44,53,59,108,77,56,85,23,8,61,51,54,21,17,42,34,46,76,29,13,12,47,34,35,39,34,34
135,8/23,33.7,26.2,0.0,125,117,65,0,0,0,0,113,195,184,24,38,5,30,34,118,85,47,77,25,9,68,65,73,30,37,57,11,12,24,8,15,11,32,14,18,32,9,33
136,8/24,31.4,26.3,7.5,74,106,47,0,0,0,0,117,182,196,23,44,6,27,36,86,66,42,75,25,12,90,82,76,31,25,53,11,15,14,8,5,8,20,10,14,35,4,19
137,8/25,35.6,27.6,0.0,218,129,90,0,0,0,0,117,200,195,22,39,5,26,35,124,77,51,85,24,8,92,93,82,23,13,39,46,44,74,29,4,8,43,34,32,42,37,42
138,8/26,36.0,26.4,0.0,244,130,94,0,0,0,0,129,210,207,55,84,64,73,88,131,85,52,90,22,8,109,101,103,26,23,39,51,44,73,32,15,13,65,33,41,49,45,60
139,8/27,35.8,24.5,16.0,232,129,99,0,0,0,0,118,210,221,31,59,12,35,48,118,83,47,79,28,13,52,40,43,33,22,54,10,13,25,7,5,8,19,9,11,28,4,17
140,8/28,30.5,23.5,1.0,58,102,42,0,0,0,0,156,236,218,28,50,10,30,38,86,63,48,73,23,9,51,37,51,24,12,45,48,47,69,28,5,9,49,26,36,39,37,31
141,8/29,29.2,24.1,0.5,46,98,43,0,0,0,0,144,210,212,51,71,50,63,69,94,58,38,60,22,9,65,49,57,28,20,46,49,42,75,28,14,10,47,34,35,37,37,33
142,8/30,34.0,25.0,0.0,138,120,70,0,0,0,0,128,206,196,24,44,7,29,34,112,84,55,77,24,7,77,58,72,35,35,61,11,15,24,9,22,14,27,15,22,40,10,29
143,8/31,35.4,25.1,1.0,204,127,90,0,0,0,0,127,192,214,28,40,6,30,33,122,102,55,82,26,10,75,75,80,30,26,48,9,10,19,8,5,8,20,10,12,29,4,16
144,9/1,31.4,21.0,6.0,73,106,51,0,0,0,0,159,221,230,27,42,6,26,38,103,64,41,74,27,11,85,111,96,24,11,35,47,43,79,28,5,8,49,26,38,44,44,25
145,9/2,23.7,20.7,7.5,27,77,30,0,0,0,0,165,255,255,45,69,45,61,67,53,46,25,53,28,12,105,113,100,26,23,34,46,38,34,29,5,10,53,31,46,43,39,40
146,9/3,26.1,22.0,4.0,33,85,39,0,0,0,0,154,202,202,23,38,5,26,37,73,54,34,61,24,11,44,26,35,28,27,46,7,12,21,8,5,9,18,9,14,28,5,13
147,9/4,28.7,22.8,14.5,44,95,39,0,0,0,0,154,245,218,22,39,6,29,37,83,54,33,65,29,13,57,53,53,21,8,36,48,44,71,26,6,6,55,31,35,29,32,32
148,9/5,32.0,22.5,8.5,83,108,56,0,0,0,0,161,250,240,39,59,46,56,65,105,71,40,71,26,13,70,68,67,19,22,42,46,44,73,26,13,12,42,31,38,34,35,36
149,9/6,31.5,24.8,0.0,74,106,51,0,0,0,0,123,203,190,20,42,5,25,32,91,68,49,74,22,9,74,60,74,33,35,57,10,12,18,6,5,8,17,10,13,31,4,14
150,9/7,30.4,24.9,0.0,57,102,46,0,0,0,0,128,197,194,21,40,5,29,35,88,74,47,75,26,9,81,69,81,33,24,58,12,14,20,9,6,8,20,10,13,26,4,15
151,9/8,33.0,26.3,0.0,106,113,58,0,0,0,0,126,228,216,21,44,5,26,36,116,77,48,81,26,8,95,84,82,22,12,34,41,47,66,23,5,8,54,29,42,39,35,40
152,9/9,32.1,26.1,0.0,86,109,53,0,0,0,0,118,231,222,41,60,45,60,68,108,69,52,79,22,8,108,114,102,28,21,47,46,59,76,26,17,13,58,28,51,56,39,43
153,9/10,30.6,21.4,38.5,61,103,46,0,0,0,0,156,226,201,20,40,5,28,37,90,56,36,67,27,15,59,62,49,36,27,39,10,15,17,7,5,9,19,8,13,32,4,14
154,9/11,23.9,19.3,4.0,24,78,33,0,0,0,0,189,248,230,20,36,5,28,34,56,45,31,51,27,11,55,42,48,26,11,36,52,43,59,28,5,7,51,35,39,43,42,35
155,9/12,24.4,18.1,0.0,26,79,30,0,0,0,0,210,254,272,41,57,42,54,66,59,49,35,50,23,8,59,52,53,26,20,41,62,43,62,23,13,10,51,29,38,42,40,38
156,9/13,27.3,18.5,0.0,35,89,35,0,0,0,0,159,228,251,19,38,5,30,32,86,59,42,60,24,8,69,66,66,32,35,53,11,13,21,9,9,14,28,13,25,46,10,24
157,9/14,24.9,19.9,7.5,26,81,29,0,0,0,0,163,228,244,21,37,5,27,37,60,47,29,57,25,13,86,81,88,24,24,51,10,10,19,7,5,8,21,10,8,28,4,14
158,9/15,22.2,19.1,14.5,25,72,29,0,0,0,0,189,237,255,22,43,5,26,35,49,38,24,49,24,13,105,103,94,20,9,34,53,43,71,22,5,9,43,33,41,44,39,34
159,9/16,27.4,20.1,0.0,36,90,39,0,0,0,0,164,245,253,51,85,65,69,94,74,59,39,60,23,8,105,110,98,31,20,29,44,48,76,28,14,14,52,35,54,48,54,50
160,9/17,31.2,21.1,26.0,69,105,54,0,0,0,0,137,207,205,30,56,13,34,43,90,67,41,74,27,13,47,58,46,30,26,45,9,13,22,9,6,8,19,10,13,36,4,17
161,9/18,28.1,20.3,40.5,40,93,37,0,0,0,0,170,255,266,30,50,9,30,41,77,55,35,63,29,16,62,73,59,20,13,33,53,37,84,26,6,9,46,30,40,32,47,37
162,9/19,27.4,18.2,0.0,35,90,39,0,0,0,0,207,229,243,50,61,51,52,67,87,62,42,56,23,9,56,48,61,33,20,52,51,40,67,30,28,16,64,30,49,60,42,58
163,9/20,24.0,15.4,40.5,25,77,36,0,0,0,0,178,215,225,29,43,6,26,38,51,44,26,56,25,15,91,95,75,41,34,58,10,13,19,7,6,10,18,12,13,31,5,16
164,9/21,19.0,15.6,36.0,20,61,32,0,0,0,0,193,240,245,27,46,6,27,38,31,27,47,44,25,15,87,110,86,31,26,45,11,13,21,8,5,8,16,10,15,29,4,15
165,9/22,25.8,18.7,0.0,29,85,31,0,0,0,0,201,264,260,25,46,6,28,37,78,56,33,57,22,8,97,98,95,21,10,35,48,44,68,26,4,7,51,26,42,48,44,38
166,9/23,28.4,21.8,0.0,40,94,41,0,0,0,0,154,234,234,46,59,52,51,60,77,66,44,61,25,7,105,95,101,29,18,45,48,46,67,29,16,13,59,33,46,48,44,60
167,9/24,28.6,21.2,1.5,42,95,42,0,0,0,0,148,210,211,21,44,6,29,36,89,64,40,69,26,11,38,22,35,36,24,39,10,13,18,10,5,8,19,10,13,27,4,17
168,9/25,25.2,18.6,14.5,27,82,38,0,0,0,0,171,253,267,23,43,5,28,38,66,48,31,55,28,14,53,59,58,21,12,46,46,47,66,30,5,7,54,31,34,45,42,40
169,9/26,19.9,15.7,38.5,23,65,30,0,0,0,0,230,267,273,51,88,53,66,87,34,26,15,39,28,16,72,83,71,22,18,49,53,44,73,28,11,11,47,30,36,41,37,35
170,9/27,17.5,14.7,19.0,21,58,34,0,0,0,0,200,261,264,32,54,13,32,49,25,24,13,34,25,13,83,94,82,41,36,56,11,13,22,7,5,9,18,10,12,30,4,5
171,9/28,26.0,14.1,0.0,31,85,39,0,0,0,0,179,230,254,29,55,10,34,40,78,52,39,55,23,8,76,81,77,35,22,49,9,17,21,7,16,15,31,12,25,40,10,38
172,9/29,21.3,17.2,9.5,22,69,28,0,0,0,0,200,238,271,29,51,8,32,36,48,35,20,47,28,12,95,115,97,26,9,44,47,50,64,25,5,7,48,30,41,40,41,31
173,9/30,27.0,16.9,34.0,33,89,32,0,0,0,0,214,274,258,46,62,51,57,70,70,48,32,55,27,15,107,130,112,19,20,41,51,44,75,26,5,9,46,27,37,46,42,40
174,10/1,32.3,20.4,18.0,88,110,53,4,9,12,2,151,208,228,23,47,6,26,38,106,62,45,80,26,13,48,48,43,34,28,45,12,18,19,7,4,8,19,10,13,32,4,15
175,10/2,26.9,17.5,0.0,34,88,40,7,13,22,13,182,243,269,25,46,6,26,36,82,60,34,57,26,8,50,32,50,25,13,36,49,47,71,27,5,9,38,32,34,49,44,35
176,10/3,23.3,18.1,0.0,25,75,28,7,13,21,10,178,229,240,45,68,43,62,61,63,47,31,51,25,8,62,45,58,20,21,44,45,45,65,31,13,13,54,29,38,39,41,38
177,10/4,21.4,18.7,0.0,23,70,30,6,11,16,8,164,242,215,24,41,6,30,32,49,41,28,46,25,8,74,68,98,35,38,58,9,9,25,8,15,15,25,13,22,41,11,37
178,10/5,20.1,17.8,9.5,21,66,32,7,12,23,11,175,208,242,24,38,5,26,35,41,57,19,46,27,11,77,83,91,34,24,46,9,12,17,8,6,7,18,9,12,33,4,14
179,10/6,29.3,18.4,0.0,48,98,39,12,13,21,9,198,228,277,22,43,6,28,36,81,60,42,68,22,8,93,88,93,26,11,39,49,50,68,31,5,8,46,23,32,43,40,39
180,10/7,32.3,23.9,0.0,88,111,60,4,9,12,2,145,217,245,44,59,43,55,69,112,74,53,79,23,8,96,100,94,25,23,54,56,42,68,29,5,10,45,26,33,41,41,34
181,10/8,24.1,18.7,0.0,28,78,32,5,12,16,7,178,230,222,22,42,5,28,36,61,53,30,54,24,8,42,21,33,32,25,58,12,13,19,8,5,7,19,10,13,37,5,16
182,10/9,26.4,17.9,0.0,34,87,35,6,12,22,12,199,251,256,20,36,5,28,34,76,52,36,61,24,9,47,33,43,22,12,30,45,44,62,23,15,13,65,32,43,62,49,51
183,10/10,26.4,18.7,0.5,32,86,31,5,13,17,7,180,241,238,41,65,43,51,65,75,60,38,64,24,10,61,50,61,28,18,46,45,46,68,32,10,12,43,30,37,42,37,29
184,10/11,23.7,19.7,1.0,24,77,34,4,9,13,7,149,236,227,19,43,5,28,37,60,49,29,56,23,9,77,67,65,32,28,48,10,13,24,8,5,8,20,9,13,34,5,18
185,10/12,22.5,18.4,0.0,25,73,28,6,12,19,10,165,240,211,21,40,5,29,36,57,41,31,46,25,9,74,72,74,35,24,44,10,10,22,5,6,9,17,11,15,30,3,17
186,10/13,18.5,15.6,0.0,21,60,30,9,19,38,23,228,243,264,19,41,5,26,37,38,35,20,35,22,8,94,84,97,17,11,34,48,44,71,27,13,14,64,34,50,52,40,82
187,10/14,19.6,13.2,7.5,20,63,34,10,25,50,30,218,244,287,38,63,48,60,64,32,31,19,39,26,13,114,117,103,26,18,53,50,40,69,30,6,9,49,29,41,43,36,37
188,10/15,21.1,16.2,0.5,22,69,27,17,17,27,16,179,230,261,21,40,5,26,33,52,39,25,44,26,9,42,22,36,30,24,52,11,12,26,9,5,9,22,11,12,32,4,16
189,10/16,21.2,15.5,0.0,22,69,35,8,16,29,20,230,276,253,34,60,18,41,56,50,39,27,46,22,8,45,35,47,30,11,32,53,38,68,24,13,14,56,39,47,58,41,61
190,10/17,22.3,14.9,1.0,24,73,33,10,21,39,22,235,244,289,56,69,58,61,69,51,46,26,50,22,9,61,47,57,25,18,46,48,45,68,30,13,11,47,32,37,41,39,32
191,10/18,21.7,13.7,0.0,21,71,33,11,24,43,26,192,256,258,31,54,9,33,36,47,38,28,45,25,8,66,58,70,40,33,48,10,16,16,9,16,15,26,12,22,41,11,39
192,10/19,20.1,14.3,0.5,22,65,28,9,21,37,29,178,219,231,30,46,8,32,36,42,39,26,46,22,9,81,74,83,30,26,36,10,13,16,10,6,7,24,10,11,34,4,16
193,10/20,22.0,13.0,9.0,23,71,27,11,22,43,30,191,234,261,29,42,7,28,32,43,37,24,51,24,13,95,99,92,20,10,36,49,47,72,26,5,9,50,33,39,41,44,35
194,10/21,21.6,12.8,0.0,24,70,27,13,22,47,29,206,274,256,47,68,44,56,66,49,45,25,50,23,8,94,107,103,24,20,55,51,40,71,29,5,9,46,29,39,39,32,32
195,10/22,21.6,11.6,0.0,23,71,31,12,25,52,35,187,214,212,26,46,6,27,32,47,39,27,44,23,8,39,19,33,30,27,42,12,14,20,9,16,11,43,13,23,36,11,33
196,10/23,16.0,12.6,1.5,17,54,31,11,21,45,38,183,233,269,24,45,5,29,37,21,24,15,32,26,9,55,38,47,15,12,38,45,48,78,31,6,9,48,31,40,42,37,36
197,10/24,22.7,13.7,0.5,24,74,31,11,22,45,29,227,278,258,39,65,46,56,60,51,46,30,52,23,9,64,49,57,25,19,45,52,40,84,28,15,11,50,31,41,41,39,38
198,10/25,22.4,14.0,0.0,22,72,34,10,23,47,24,200,228,221,20,38,5,30,38,52,42,30,47,24,8,69,63,65,28,35,54,11,15,18,7,5,9,21,10,12,30,4,19
199,10/26,21.6,14.8,0.0,21,71,27,8,21,36,25,184,231,261,37,56,18,39,55,52,45,29,46,23,8,74,77,74,29,27,42,10,14,20,6,13,14,21,13,24,49,11,33
200,10/27,24.4,15.9,12.0,27,79,35,9,17,29,20,217,260,267,30,53,11,33,44,57,49,29,53,27,12,99,121,96,26,11,35,51,46,80,28,5,7,51,26,38,37,37,40
201,10/28,21.1,13.9,0.0,20,69,31,10,20,41,31,193,258,247,49,77,54,58,72,49,43,26,49,25,8,106,100,106,27,20,58,46,45,77,26,4,7,57,28,30,37,48,34
202,10/29,22.2,12.2,0.0,24,73,32,11,25,51,31,178,248,223,28,49,8,32,37,59,47,26,49,22,8,44,19,34,31,25,34,10,13,24,7,6,8,18,8,12,29,4,14
203,10/30,22.9,11.8,0.0,24,75,34,12,23,56,38,199,265,250,29,42,6,28,39,54,46,30,48,26,8,51,33,44,20,13,26,58,46,68,30,5,7,57,30,34,35,43,41
204,10/31,19.9,11.9,0.0,22,65,35,14,27,59,32,204,245,241,49,59,50,62,68,44,33,24,39,25,8,56,50,58,31,19,41,49,39,71,28,15,10,49,33,31,49,35,39
205,11/1,19.5,11.5,0.0,21,63,25,13,28,60,43,175,204,241,26,44,5,29,38,43,35,21,39,22,7,76,64,61,38,31,46,10,12,19,8,5,8,20,11,14,29,4,16
206,11/2,18.8,10.1,0.0,22,61,31,15,27,63,45,156,236,245,25,43,6,29,36,39,32,20,36,25,8,72,75,76,33,23,49,9,11,19,7,6,7,20,9,13,30,4,13
207,11/3,20.2,10.6,0.0,21,66,29,13,28,57,44,170,250,261,23,43,6,27,38,43,41,26,39,23,8,84,97,85,16,12,33,49,41,72,28,4,9,52,34,40,32,36,41
208,11/4,16.4,13.0,0.0,18,54,25,11,25,49,27,193,273,274,46,58,52,61,60,23,27,17,36,26,8,106,110,91,21,18,44,49,41,72,25,16,15,71,36,54,58,56,58
209,11/5,21.9,14.5,1.5,23,70,30,10,18,39,22,207,243,226,22,44,6,27,37,45,39,27,43,26,9,38,21,39,29,26,48,9,15,19,9,5,8,21,10,12,34,4,17
210,11/6,21.1,16.2,35.5,21,68,33,7,18,34,19,195,270,246,23,41,5,26,36,40,33,19,50,28,16,61,70,62,24,11,36,57,40,68,31,5,9,44,31,39,36,35,33
211,11/7,20.0,13.8,0.0,22,65,29,12,24,42,32,221,246,280,42,59,46,61,64,43,38,26,45,25,9,55,51,57,23,21,43,52,43,71,34,13,11,48,34,39,37,36,30
212,11/8,20.7,13.1,0.0,22,68,32,11,24,45,29,167,237,256,20,43,5,27,32,48,41,27,47,24,9,75,64,94,35,34,50,9,12,21,7,14,16,25,15,24,38,11,36
213,11/9,17.3,14.2,7.0,20,56,27,11,23,42,24,210,246,264,23,37,5,27,33,26,43,14,39,26,12,78,80,84,36,27,46,11,12,21,8,6,8,19,10,13,32,4,18
214,11/10,22.8,15.0,1.5,24,75,30,10,20,38,21,214,283,260,23,40,5,29,38,59,46,30,54,26,9,93,92,95,26,10,37,54,45,68,30,4,6,51,26,45,35,36,36
215,11/11,20.1,13.5,0.0,21,66,29,12,19,43,30,221,252,274,44,58,44,53,67,44,34,26,39,23,9,107,109,108,23,20,46,44,45,77,30,15,13,49,35,47,49,52,50
216,11/12,19.0,12.8,0.5,22,62,29,11,23,47,32,167,217,258,22,43,5,31,37,37,31,23,43,24,8,38,20,34,31,25,39,10,11,17,7,5,7,19,9,13,26,3,14
217,11/13,16.6,12.6,1.5,19,54,30,10,27,54,38,210,265,264,21,39,5,26,35,24,27,15,31,23,9,48,37,51,23,10,35,47,33,69,23,6,8,53,36,41,38,41,36
218,11/14,16.7,10.1,0.0,21,54,31,14,33,64,38,187,239,264,39,65,46,55,59,25,28,17,33,23,8,54,48,57,28,22,47,50,44,73,22,15,12,51,24,40,43,32,30
219,11/15,17.0,8.7,0.0,18,55,31,31,38,72,55,147,229,222,19,44,5,28,35,27,30,20,33,22,7,64,65,73,38,37,49,10,12,19,9,5,8,20,9,15,35,5,16
220,11/16,17.2,8.1,0.0,20,56,28,30,40,100,68,136,203,236,37,56,15,39,60,27,30,18,39,23,9,73,82,77,28,24,46,12,14,23,7,5,7,18,9,14,37,6,20
221,11/17,19.5,11.1,0.0,19,64,32,15,28,60,43,193,240,232,35,54,13,37,44,40,37,23,44,23,8,83,94,95,21,12,46,50,48,80,24,5,8,52,29,41,33,40,39
222,11/18,17.2,10.8,0.0,21,57,34,14,30,63,46,182,242,268,52,64,53,59,74,30,29,20,36,22,9,102,94,95,34,21,48,51,39,65,27,14,13,71,33,50,43,44,59
223,11/19,16.3,10.8,8.5,20,54,30,16,26,65,43,151,245,209,28,46,8,32,36,18,20,11,35,28,13,46,32,36,32,28,45,9,14,21,9,5,8,21,11,13,29,4,15
224,11/20,15.3,8.2,1.0,17,50,30,34,39,99,55,165,226,250,27,42,6,30,38,18,22,14,28,27,9,54,39,43,13,11,42,55,49,73,26,5,7,46,32,35,33,37,34
225,11/21,16.3,5.8,1.5,19,53,32,53,69,136,82,142,210,207,46,65,52,62,64,23,23,16,33,25,10,60,48,62,25,18,50,55,45,58,30,15,12,50,30,41,40,44,36
226,11/22,13.5,7.9,4.0,17,45,25,32,52,96,69,130,218,230,23,44,5,26,36,14,20,12,28,24,12,77,70,71,37,32,58,10,13,19,7,4,7,21,10,13,30,4,16
227,11/23,15.3,6.6,0.0,17,50,30,53,54,113,77,125,188,206,25,39,6,31,35,20,24,14,32,22,8,81,76,87,33,27,56,10,14,23,8,5,8,19,10,13,29,4,20
228,11/24,12.1,7.5,0.0,17,41,25,41,53,97,67,168,217,254,24,42,5,26,36,19,23,14,33,26,7,90,85,83,26,9,31,45,43,71,29,5,10,46,33,48,41,43,34
229,11/25,14.5,6.5,0.0,18,49,29,55,57,104,80,149,215,234,44,66,47,57,69,17,23,14,30,25,8,107,94,106,27,20,42,50,39,70,27,6,9,47,36,42,37,44,37
230,11/26,17.7,7.1,0.0,20,59,33,46,61,104,60,129,207,225,39,61,18,43,58,31,32,21,35,23,9,38,18,36,24,24,40,8,14,17,8,5,9,19,11,12,25,4,15
231,11/27,17.9,11.5,0.0,21,59,30,14,26,59,34,206,258,248,35,54,12,36,43,34,33,20,36,26,8,46,32,50,26,11,39,46,43,66,27,6,9,47,34,37,40,33,37
232,11/28,18.1,8.9,0.0,21,59,25,24,33,91,49,176,226,251,53,76,56,65,65,32,30,22,39,23,8,60,44,58,30,19,41,52,45,74,30,20,16,58,33,45,53,52,59
233,11/29,15.3,10.8,0.5,19,51,27,12,25,54,35,162,234,246,27,46,8,27,35,19,22,14,29,27,8,66,63,74,32,31,46,10,16,19,8,4,7,23,11,14,26,3,18
234,11/30,16.0,8.1,0.0,20,53,31,37,40,81,53,149,199,203,29,48,7,30,34,22,24,16,35,25,8,84,69,85,30,24,43,10,14,15,8,5,8,21,9,14,26,4,16
235,12/1,17.2,7.7,0.0,18,56,30,36,48,105,70,155,215,220,27,43,6,26,34,28,26,19,36,22,8,92,88,88,15,10,36,57,40,72,29,5,7,51,33,35,38,37,33
236,12/2,11.6,7.7,0.0,17,39,33,32,50,90,56,143,221,234,43,64,48,60,64,17,22,15,27,24,8,110,114,106,24,17,48,51,67,63,29,5,9,58,30,47,41,31,38
237,12/3,17.0,9.7,0.0,18,56,29,36,36,66,44,143,230,204,26,40,5,29,35,29,27,20,35,23,8,42,18,32,36,24,51,10,14,18,7,5,10,22,9,12,31,4,17
238,12/4,23.4,12.3,0.0,25,77,37,13,21,47,32,200,273,278,24,44,5,29,38,62,45,31,56,23,9,54,37,43,23,9,27,43,48,72,28,6,8,47,32,37,32,45,34
239,12/5,20.2,13.1,0.0,19,66,32,10,21,47,28,221,250,255,42,55,48,55,66,42,36,27,40,26,8,56,46,55,29,18,48,55,49,69,29,21,18,67,33,51,44,49,52
240,12/6,13.2,8.3,18.0,18,44,29,30,43,183,57,155,206,222,20,38,5,30,36,12,16,8,27,27,14,72,83,72,32,33,48,10,10,14,9,6,8,20,9,11,30,4,15
241,12/7,16.4,9.0,0.0,18,55,26,21,35,83,56,138,221,217,20,39,5,26,38,23,29,17,32,22,7,75,83,78,29,23,49,9,14,23,9,4,8,23,10,13,34,4,17
242,12/8,12.2,6.3,0.0,16,42,28,56,56,115,66,148,233,245,23,44,5,29,32,19,21,13,30,24,8,82,94,82,29,9,29,58,45,57,30,5,8,48,30,35,39,39,37
243,12/9,10.5,5.5,0.0,17,37,30,55,69,150,72,138,241,235,38,57,49,59,61,20,23,14,31,24,8,92,101,95,21,18,51,48,43,76,29,5,9,51,36,39,41,39,36
244,12/10,8.4,4.1,0.0,14,31,26,77,85,139,93,121,190,188,19,41,5,26,37,19,24,14,28,30,14,44,21,37,28,26,46,10,15,24,9,16,15,32,16,24,39,11,38
245,12/11,7.3,1.4,7.0,15,27,31,93,116,190,115,95,220,188,22,36,5,28,35,13,16,12,30,29,21,50,45,53,18,9,33,50,42,70,26,6,7,48,33,39,43,45,36
246,12/12,10.8,3.2,15.0,18,38,26,83,85,151,99,121,215,192,44,65,47,61,60,12,16,9,30,29,13,73,67,58,31,20,47,45,43,65,30,14,12,52,31,41,40,46,35
247,12/13,9.6,4.2,0.5,15,34,25,64,78,174,91,106,216,186,19,44,5,25,36,17,23,14,29,26,10,95,67,68,40,34,53,12,12,16,10,5,13,20,9,14,29,3,13
248,12/14,10.3,2.5,0.0,14,36,28,92,81,195,112,92,198,174,21,38,5,26,37,20,21,14,31,24,8,73,72,79,36,25,58,11,11,10,9,5,8,20,10,16,31,4,16
249,12/15,9.5,2.6,0.0,14,34,29,79,92,170,109,114,214,190,18,39,5,30,37,19,24,15,27,24,9,85,95,95,20,10,44,57,42,75,29,5,8,47,32,41,43,43,35
250,12/16,5.8,0.4,0.0,14,22,27,96,96,212,140,94,194,189,59,76,61,65,94,19,20,16,27,35,21,109,108,100,25,20,41,50,46,73,26,14,16,50,32,43,54,45,53
251,12/17,11.5,3.0,2.5,17,39,26,78,79,188,108,97,182,189,35,57,13,32,41,16,18,12,31,26,11,39,25,40,34,25,42,11,14,24,8,5,8,21,9,13,29,4,16
252,12/18,12.8,5.1,0.0,19,44,33,53,72,141,96,123,203,207,28,54,10,31,35,19,23,14,29,22,7,49,35,47,19,11,28,54,42,66,23,5,9,64,27,41,35,39,36
253,12/19,12.7,3.7,0.0,17,43,25,68,73,152,106,129,195,202,44,72,52,61,60,17,22,13,31,25,7,66,51,56,26,21,36,45,39,74,29,14,13,49,32,39,29,37,38
254,12/20,14.1,4.2,0.0,18,48,27,62,88,164,80,123,178,198,26,48,7,30,37,18,24,13,30,25,8,65,63,70,30,33,49,9,14,15,10,5,8,20,11,13,36,4,17
255,12/21,13.7,3.9,0.0,19,47,27,82,89,158,107,107,195,198,26,40,6,30,37,18,20,15,33,25,8,77,71,77,36,24,48,8,14,18,7,15,12,27,13,20,45,10,35
256,12/22,11.0,6.5,0.5,15,38,26,42,53,114,69,146,231,233,23,38,6,26,33,15,22,12,29,27,8,81,83,89,20,9,42,52,48,76,28,6,9,54,30,38,34,42,34
257,12/23,12.6,7.5,0.5,18,43,32,42,56,112,62,150,230,220,46,61,50,59,64,17,23,13,31,24,9,98,99,100,24,20,45,56,50,73,29,5,9,53,29,40,41,39,39
258,12/24,11.3,4.3,0.0,15,39,32,68,77,163,89,110,183,214,23,41,5,30,35,18,20,13,28,24,8,38,20,36,28,24,45,10,13,14,9,6,10,21,10,13,32,4,16
259,12/25,9.4,2.6,0.0,17,34,24,80,103,198,99,120,195,193,21,38,5,28,32,19,23,13,32,24,9,52,37,47,22,8,35,48,42,61,29,5,8,49,29,41,39,39,40
260,12/26,11.7,1.2,0.0,17,40,29,85,112,181,109,98,216,197,61,74,64,63,87,20,23,13,29,26,8,57,50,60,22,21,35,51,46,64,28,14,11,51,29,35,44,40,39
261,12/27,13.2,4.9,0.0,16,45,31,59,80,126,96,121,207,190,34,57,13,32,43,19,20,15,27,23,8,67,60,64,28,37,50,9,22,23,9,5,7,20,9,12,32,5,15
262,12/28,8.4,1.8,0.0,15,30,24,104,104,193,111,99,198,173,30,50,10,30,37,17,21,46,29,27,12,83,72,72,28,29,52,11,14,17,8,5,9,21,11,13,31,4,18
263,12/29,9.8,-0.7,0.0,14,34,30,103,106,263,150,77,209,192,30,48,8,30,35,16,21,15,27,25,8,91,81,83,15,12,37,49,48,62,28,5,8,55,28,40,36,38,34
264,12/30,10.1,0.1,0.0,17,35,27,100,100,208,127,95,183,188,43,70,51,57,72,17,23,15,31,25,9,98,101,96,33,22,48,55,42,74,24,6,8,50,33,45,45,42,31
265,12/31,8.9,0.8,0.0,16,32,29,116,92,187,137,83,171,176,28,45,5,28,32,17,23,14,33,25,11,38,20,32,26,28,46,9,15,22,8,5,6,19,9,12,28,3,16
266,1/1,10.7,0.9,0.0,15,38,23,101,94,220,123,98,184,199,23,44,6,26,32,19,21,13,28,23,8,52,37,50,26,12,26,47,45,63,26,5,9,47,28,39,42,41,38
267,1/2,10.9,2.2,0.0,17,38,27,91,100,184,120,106,192,216,41,66,51,54,63,19,22,15,32,25,9,60,47,54,22,21,42,55,49,52,28,11,10,50,29,36,35,48,39
268,1/3,10.9,-0.3,0.0,17,38,31,102,132,200,145,78,195,182,22,43,5,31,36,17,20,13,27,25,9,74,66,69,38,32,52,11,12,19,10,5,8,18,10,14,31,4,13
269,1/4,9.8,0.2,0.0,17,34,29,108,106,213,144,88,181,190,22,40,5,25,33,19,23,15,31,22,8,84,74,75,45,27,49,9,12,21,8,4,7,19,11,14,30,4,16
270,1/5,14.0,0.9,0.0,17,47,32,109,98,216,106,97,199,196,22,42,5,30,32,18,21,14,28,23,7,92,97,96,18,10,38,50,46,65,31,5,7,55,31,33,34,44,37
271,1/6,8.0,2.4,0.0,15,29,32,84,84,158,110,101,194,188,41,60,43,57,59,20,20,15,32,28,15,94,96,109,22,17,47,51,39,63,26,5,5,54,28,40,40,39,36
272,1/7,10.6,0.4,0.0,15,36,33,94,114,239,122,78,165,191,20,42,5,30,37,18,23,14,28,25,8,43,19,50,26,27,51,11,13,22,8,6,7,23,12,12,30,4,12
273,1/8,9.8,0.7,0.0,18,35,24,113,117,217,110,99,188,183,20,41,5,26,33,18,24,14,27,27,9,55,35,46,17,11,23,51,43,65,30,5,9,44,29,38,32,41,31
274,1/9,8.0,1.0,0.0,16,29,27,113,113,192,123,93,208,208,38,61,45,54,68,20,22,15,32,29,14,57,51,55,24,21,47,43,46,78,23,13,12,54,27,36,43,43,35
275,1/10,5.2,-1.2,0.0,13,20,24,106,121,226,127,70,177,183,22,44,5,29,32,19,24,17,30,31,24,69,60,73,33,34,69,10,11,26,9,5,9,21,9,13,29,3,15
276,1/11,12.2,-0.2,0.0,16,41,27,126,103,228,127,79,163,157,19,36,5,28,32,17,22,15,33,23,7,86,71,80,33,25,57,9,12,17,7,6,10,19,10,14,33,4,18
277,1/12,6.2,2.7,0.0,14,24,24,85,94,373,100,115,221,212,20,42,5,30,37,19,20,16,31,30,20,91,82,82,27,10,28,51,45,71,26,5,9,55,22,33,43,40,40
278,1/13,10.1,3.9,0.0,17,35,26,79,88,141,96,112,201,210,41,63,45,60,60,17,24,14,32,24,8,98,114,98,22,18,46,52,37,64,26,5,8,46,28,32,42,49,33
279,1/14,9.8,1.3,0.0,18,34,31,95,93,186,133,90,180,191,20,39,5,26,35,18,23,14,31,25,8,42,19,37,28,24,65,10,11,20,7,16,15,27,14,24,44,11,30
280,1/15,10.5,0.4,0.5,18,37,32,101,115,191,114,96,195,189,19,43,5,27,32,16,21,13,31,26,9,46,32,50,25,11,33,59,40,72,28,5,7,54,32,42,40,44,28
281,1/16,11.3,1.8,0.0,18,39,24,83,103,206,128,101,218,191,61,78,55,67,87,17,20,15,29,25,8,55,44,61,33,19,40,54,48,39,30,12,12,49,25,26,38,37,41
282,1/17,11.6,2.0,0.0,17,39,32,103,106,179,96,99,201,175,34,56,11,37,44,20,23,14,32,23,8,68,68,62,39,31,51,9,16,20,8,6,8,16,9,12,28,3,16
283,1/18,10.0,2.8,0.0,18,34,28,92,84,181,110,108,195,180,32,51,9,30,37,17,21,13,31,24,7,83,75,72,28,23,62,9,14,23,7,5,8,21,10,10,30,4,17
284,1/19,11.7,1.9,0.0,16,40,24,89,96,201,111,113,213,186,28,48,8,30,39,18,22,13,29,22,7,87,84,97,18,10,38,50,38,66,33,4,8,18,31,39,44,44,33
285,1/20,12.0,1.8,0.0,16,40,28,84,98,206,118,112,188,194,45,61,46,57,71,16,22,14,31,22,8,93,109,94,23,22,51,45,36,66,28,4,7,56,27,40,44,43,35
286,1/21,10.5,2.5,0.0,14,37,32,84,103,180,110,96,201,178,23,47,6,28,36,17,21,15,29,23,8,41,21,36,33,21,59,10,15,22,8,5,8,17,10,13,34,4,16
287,1/22,10.6,-0.2,0.0,18,37,24,104,104,249,134,90,204,195,23,45,6,26,32,20,22,14,32,23,9,52,33,44,18,11,34,51,37,76,26,5,7,54,31,36,34,40,37
288,1/23,11.2,1.7,0.0,18,39,25,105,102,187,107,107,191,200,44,58,49,57,65,17,23,13,31,22,7,60,49,60,22,17,32,50,40,77,31,13,9,47,27,35,38,42,37
289,1/24,10.2,3.4,0.0,17,36,26,77,84,171,92,98,206,207,23,44,5,26,35,17,21,14,30,23,8,75,58,74,40,33,54,10,14,20,10,5,9,19,9,13,5,5,16
290,1/25,10.0,2.8,0.0,17,35,31,86,93,152,102,101,190,206,23,37,5,30,35,18,42,15,33,24,8,83,77,78,28,22,51,11,12,25,9,5,8,21,10,13,29,4,15
291,1/26,9.9,1.5,0.0,16,35,26,88,113,192,117,95,187,188,36,64,18,38,57,17,24,15,32,23,9,96,83,99,20,10,34,49,46,71,30,5,8,52,25,37,37,43,38
292,1/27,9.7,1.1,0.0,17,34,28,87,100,229,118,99,186,181,52,81,49,62,71,18,24,14,30,27,9,100,109,106,25,18,42,46,48,65,29,4,8,49,35,27,40,35,39
293,1/28,13.2,0.0,0.0,19,45,32,95,117,213,146,87,195,167,31,49,10,33,37,18,21,15,31,26,8,37,20,38,25,21,40,11,11,20,9,5,8,20,8,13,33,5,17
294,1/29,9.9,3.0,0.0,16,35,32,91,89,182,89,122,225,225,28,44,7,29,35,19,21,14,28,24,9,53,36,47,27,10,39,50,47,68,28,5,8,80,31,31,41,39,37
295,1/30,10.0,0.2,0.0,15,36,29,106,111,202,127,83,212,207,45,61,50,52,64,18,23,15,28,24,8,56,48,56,30,16,36,50,35,73,28,21,15,55,34,49,47,37,65
296,1/31,11.2,1.7,15.5,18,39,26,93,100,212,129,99,188,172,25,45,5,28,38,10,17,8,27,27,13,84,88,79,28,32,56,12,13,15,14,5,8,18,11,12,28,4,14
297,2/1,8.3,1.3,0.0,17,29,27,104,98,191,127,93,200,168,25,46,6,31,38,20,40,13,30,29,13,78,77,85,31,28,42,10,18,22,9,5,9,22,10,11,29,4,15
298,2/2,12.6,-0.9,0.0,19,42,27,131,116,232,135,74,210,176,25,39,5,29,38,20,22,14,28,24,8,83,84,99,17,11,37,51,48,73,32,2,8,62,25,33,46,42,40
299,2/3,13.4,3.0,0.0,19,45,29,70,201,158,99,104,229,203,42,67,44,53,62,20,20,14,29,26,8,103,95,92,28,20,49,50,44,62,26,4,10,50,30,37,41,43,37
300,2/4,19.4,6.7,0.0,20,63,30,42,54,101,66,134,205,223,22,41,6,27,38,39,36,21,42,25,8,40,20,34,28,29,50,8,13,19,9,4,8,19,11,13,38,5,16
301,2/5,8.8,5.3,0.0,17,31,33,65,70,127,80,129,216,232,24,41,5,27,35,18,24,15,29,25,12,49,31,47,20,11,39,50,39,71,31,11,12,64,32,48,50,45,56
302,2/6,7.7,3.9,15.0,15,27,29,81,74,178,108,115,210,222,38,67,52,53,60,11,18,11,29,31,19,68,78,62,30,23,40,47,49,77,28,13,10,54,28,39,32,35,37
303,2/7,16.5,3.9,0.0,20,55,30,73,77,163,104,120,194,203,21,38,5,25,37,27,28,18,31,23,7,70,57,67,36,30,59,10,15,23,7,5,9,21,9,15,27,4,17
304,2/8,10.6,3.3,0.0,18,37,32,78,81,179,107,112,181,196,21,38,5,28,34,18,40,15,28,22,8,78,72,83,35,27,44,12,15,23,7,15,15,34,14,19,44,10,37
305,2/9,3.5,-0.5,2.0,13,16,27,108,108,244,145,90,200,187,20,38,5,29,35,17,19,14,31,41,33,88,90,96,20,10,40,47,45,67,30,5,8,56,29,39,40,36,36
306,2/10,7.9,-1.2,0.0,16,29,25,114,116,243,126,75,178,185,39,57,44,58,61,17,23,14,28,30,16,91,106,93,25,20,49,48,39,76,28,5,9,54,33,35,38,46,34
307,2/11,4.6,0.4,0.0,14,19,23,103,123,219,136,83,179,160,20,38,5,25,38,20,21,17,28,33,22,40,19,36,34,22,44,10,9,17,8,5,6,19,9,14,33,4,14
308,2/12,11.1,0.9,0.0,16,38,25,89,218,190,104,89,191,182,21,44,5,28,32,18,23,15,31,22,8,52,37,49,26,12,37,51,40,71,27,5,7,47,30,33,39,36,36
309,2/13,8.6,3.3,0.0,16,31,27,73,74,179,97,122,201,198,42,62,47,56,65,17,20,14,31,26,12,55,45,52,22,17,50,53,48,68,25,13,11,55,29,34,37,37,34
310,2/14,8.5,1.8,0.0,17,31,31,86,106,197,114,88,204,177,21,44,5,25,37,19,24,16,33,26,11,69,58,61,36,34,59,11,13,17,9,5,9,21,8,12,30,4,17
311,2/15,5.3,0.0,0.0,14,22,30,105,125,200,143,87,173,186,19,43,5,26,38,19,24,17,31,33,24,80,81,79,53,25,46,9,12,20,9,5,8,21,10,14,26,5,16
312,2/16,13.9,2.0,0.0,19,47,33,96,91,192,109,98,205,201,34,59,16,42,55,16,22,13,31,23,9,96,97,95,21,12,27,51,41,66,31,6,9,47,32,42,46,41,29
313,2/17,11.8,3.4,0.0,18,40,32,79,81,173,106,110,201,203,58,80,59,61,71,16,20,14,30,25,7,90,108,94,26,18,47,43,39,66,28,5,9,52,30,36,42,38,39
314,2/18,14.6,2.0,0.0,17,49,30,102,87,176,121,88,175,194,32,48,9,33,41,19,21,15,27,24,8,44,21,32,36,23,52,10,10,23,8,15,13,27,15,25,40,8,34
315,2/19,12.8,6.1,1.5,19,44,27,48,70,115,67,151,220,219,26,44,8,28,36,17,18,12,33,25,11,49,33,48,18,11,39,53,37,73,28,5,8,55,35,41,38,34,37
316,2/20,19.5,5.4,0.5,21,63,28,50,60,144,76,139,220,240,47,61,46,62,70,36,35,22,45,22,8,55,46,54,22,17,36,50,43,74,30,12,10,50,30,32,42,38,37
317,2/21,14.8,7.3,0.0,17,49,31,46,48,102,68,141,218,206,27,46,6,31,35,19,21,13,28,26,8,74,64,72,30,35,54,9,14,20,8,5,7,22,11,15,28,4,17
318,2/22,13.7,4.1,0.0,19,47,31,70,84,160,85,114,213,205,23,44,5,30,33,16,24,13,31,26,8,77,83,87,31,25,47,9,16,18,9,5,7,17,8,12,29,5,15
319,2/23,14.7,5.6,0.0,18,49,29,55,74,132,90,139,242,233,23,43,5,26,37,19,23,15,28,22,7,84,96,89,21,11,32,51,47,71,27,4,9,55,30,42,37,39,39
320,2/24,13.6,2.3,0.0,17,45,33,97,83,164,124,109,205,211,39,61,43,51,61,17,21,15,29,23,8,99,114,91,24,21,40,49,48,77,33,6,8,51,32,37,32,30,34
321,2/25,17.1,6.6,0.0,20,57,29,49,51,116,62,123,217,223,21,42,5,28,38,30,26,18,37,25,7,41,19,35,31,24,38,11,12,25,8,5,8,25,9,14,25,3,17
322,2/26,12.5,7.8,0.0,16,42,30,32,48,105,61,161,249,245,38,58,16,37,65,16,23,13,31,23,8,52,31,48,21,10,30,45,43,69,27,15,11,59,36,43,59,41,50
323,2/27,10.6,4.0,0.5,18,37,32,70,88,141,103,128,215,203,48,81,59,59,67,16,20,14,32,24,9,65,51,62,30,23,36,55,48,76,26,13,10,42,30,41,35,37,43
324,2/28,7.6,5.1,22.5,16,27,24,68,67,137,80,112,219,200,32,51,10,28,40,9,15,9,28,34,22,83,99,81,35,32,62,10,13,18,8,5,7,19,10,12,34,4,14
325,3/1,13.1,6.5,1.5,18,45,29,53,52,127,81,122,198,218,26,41,6,27,36,16,19,11,30,26,9,88,83,80,36,23,48,10,17,23,8,5,8,18,11,15,33,4,15
326,3/2,14.7,6.4,0.0,20,50,26,44,58,106,156,138,220,218,23,44,6,29,39,18,22,13,33,24,8,90,84,93,25,8,32,50,40,73,28,16,14,59,35,47,51,48,53
327,3/3,10.4,4.4,13.5,16,36,26,61,85,165,86,133,218,226,43,66,48,55,68,11,17,9,30,27,13,103,135,113,22,20,42,43,50,66,27,5,8,44,29,39,40,38,40
328,3/4,9.5,5.4,27.5,14,34,29,54,66,142,80,122,210,201,24,44,5,28,33,9,14,8,27,29,16,49,58,49,33,27,42,11,16,26,9,5,7,19,11,15,27,4,18
329,3/5,15.8,4.3,0.5,20,52,24,60,68,161,102,121,236,208,21,42,5,28,34,21,23,14,34,26,9,52,34,49,18,12,25,57,45,75,29,5,8,54,32,32,35,39,37
330,3/6,14.2,8.0,3.0,17,48,26,33,43,84,67,156,241,255,42,55,49,62,62,13,19,11,33,25,10,58,51,54,23,22,41,51,39,77,30,12,10,52,26,35,37,38,38
331,3/7,10.3,4.3,28.0,17,35,26,76,86,152,86,118,181,184,19,40,5,27,38,9,15,7,30,29,15,84,94,72,35,34,56,9,11,20,7,5,7,25,11,12,32,4,13
332,3/8,12.5,3.9,0.0,17,42,26,63,90,164,83,107,210,196,22,39,5,27,38,20,22,15,30,23,8,87,76,79,30,25,44,11,12,18,8,5,9,20,10,13,33,4,15
333,3/9,16.9,2.3,0.0,21,56,26,79,100,181,99,116,199,217,20,38,5,29,35,26,28,17,35,26,8,92,84,83,23,12,27,57,42,67,27,14,12,62,33,48,59,49,61
334,3/10,16.4,6.9,6.5,21,53,31,50,57,108,67,138,246,236,38,66,43,52,65,19,21,12,31,25,12,98,116,96,22,20,43,51,43,65,26,5,9,51,34,40,40,39,34
335,3/11,17.8,9.4,32.0,22,59,30,18,33,72,49,158,202,231,19,40,5,28,36,21,25,13,40,26,15,51,58,46,36,25,50,9,15,18,9,4,8,16,11,11,31,3,14
336,3/12,17.1,8.3,0.0,18,56,32,32,50,78,57,163,255,218,20,38,5,29,38,30,29,19,34,25,8,50,32,50,19,12,38,46,38,73,26,4,9,57,28,45,46,44,36
337,3/13,19.1,5.6,0.0,19,63,31,62,62,135,73,143,219,218,38,62,43,59,60,42,37,20,44,25,8,63,50,53,29,20,56,48,44,75,25,11,12,47,30,40,36,37,36
338,3/14,14.3,3.3,0.0,16,48,30,75,82,150,95,102,191,198,21,36,5,29,36,19,22,14,31,26,8,75,66,71,37,35,41,11,14,22,10,6,8,21,11,12,29,4,16
339,3/15,15.0,4.1,0.0,20,50,27,73,76,160,97,104,208,211,20,44,5,26,33,16,21,13,29,23,8,80,80,74,32,26,45,10,17,17,9,5,9,20,10,14,29,4,14
340,3/16,13.9,6.4,0.0,20,47,33,55,55,131,81,139,243,223,36,66,18,38,57,19,24,13,30,23,8,89,82,95,20,11,36,49,41,75,29,5,8,51,32,34,40,40,31
341,3/17,15.3,3.5,0.0,17,51,34,80,80,182,107,114,199,231,50,80,51,67,81,19,23,14,29,26,8,96,111,107,30,21,37,45,46,73,29,6,7,52,32,36,42,32,35
342,3/18,14.5,4.1,0.0,28,48,25,72,90,135,84,112,188,188,30,49,10,29,39,18,24,13,27,22,7,44,19,36,27,22,50,10,10,21,9,5,9,19,10,13,30,4,18
343,3/19,19.2,6.3,0.0,21,63,31,54,69,121,75,135,226,245,28,45,7,29,34,35,37,21,40,25,8,50,32,50,22,12,28,51,46,71,27,6,11,52,28,38,36,40,32
344,3/20,21.5,8.5,0.0,22,71,27,32,41,82,55,169,236,255,49,69,49,55,62,55,44,25,50,22,9,60,44,55,21,22,50,54,37,72,27,13,12,55,34,39,40,39,35
345,3/21,22.3,13.9,0.0,25,72,29,10,23,43,29,205,256,249,23,41,6,29,34,53,43,28,47,26,9,71,60,68,38,28,51,9,20,21,8,4,8,23,9,13,34,4,18
346,3/22,23.9,8.7,0.0,27,77,30,29,36,77,53,147,197,206,24,44,6,26,32,65,53,30,50,25,8,73,82,82,29,24,39,10,15,17,9,5,8,23,12,13,35,4,17
347,3/23,9.0,4.4,0.0,14,33,32,76,73,159,96,116,221,207,24,38,5,26,37,17,20,16,31,24,11,93,99,93,19,11,39,50,37,72,26,5,8,51,31,39,40,37,39
348,3/24,15.4,1.1,0.0,20,51,34,104,108,185,134,105,193,189,45,65,50,59,61,19,25,14,33,23,8,101,104,109,23,21,45,48,46,70,28,5,10,51,31,39,37,31,38
349,3/25,15.0,3.9,0.0,19,50,33,79,91,160,94,111,211,207,20,38,5,29,38,20,21,14,27,26,9,43,20,38,33,24,42,8,11,20,8,6,8,21,9,11,27,4,18
350,3/26,15.9,9.7,0.0,19,53,31,18,30,69,42,161,232,251,34,61,15,41,55,24,25,15,30,26,9,51,31,50,27,10,28,46,40,63,27,6,7,52,30,36,41,47,36
